#{"t_start": 1610368009.3488455, "env_id": "LunarLanderContinuous-v2"}
r,l,t
-305.057256,87,2.332553
-440.597985,95,2.406566
-513.773396,110,3.105068
-112.068974,57,3.359972
-513.510133,74,3.615205
-290.292067,52,3.650209
-298.603429,51,3.882669
-625.179162,72,3.93389
-223.743257,51,4.18889
-100.218536,64,4.445713
-436.878994,63,4.493752
-122.773945,54,4.742805
-461.335322,72,5.01528
-383.231175,57,5.056269
-173.255285,74,5.394875
-343.310302,62,5.436872
-422.608181,59,5.692875
-543.791161,73,5.965083
-653.419673,73,6.015083
-190.190592,86,6.291395
-530.288132,60,6.55389
-394.173617,62,6.813027
-489.398468,55,6.851995
-617.08761,70,7.138106
-616.628697,69,7.41895
-445.411597,52,7.457827
-505.313502,63,7.722654
-686.539053,75,7.775689
-339.891797,51,8.029654
-778.7723,81,8.337046
-512.779499,78,8.610282
-466.122404,52,8.646245
-478.94094,58,8.922623
-443.857733,59,8.966962
-600.76283,67,9.228481
-515.165886,58,9.268515
-485.116795,73,9.566517
-878.961098,82,9.835562
-477.35338,59,10.080559
-601.551908,112,10.385893
-484.930441,57,10.428893
-447.608796,52,10.716893
-342.85368,55,10.760894
-559.354078,63,11.096892
-379.871577,56,11.455436
-362.472011,49,11.499437
-480.773003,51,11.842772
-522.647015,63,11.908772
-750.553189,79,12.300771
-503.797137,74,12.664904
-559.095727,73,12.7344
-453.699325,51,13.043231
-801.803887,75,13.335912
-1123.804958,98,13.641695
-690.120598,67,13.691971
-902.859579,77,13.972919
-527.910436,65,14.234479
-457.639915,60,14.278445
-467.361704,74,14.550522
-566.863516,64,14.825452
-825.704516,85,15.136627
-553.804688,74,15.198542
-457.98786,51,15.474411
-548.307178,66,15.75896
-653.870521,62,15.809529
-794.632054,67,16.082269
-910.886203,78,16.36347
-873.263034,76,16.423437
-899.234094,77,16.703109
-600.945907,62,16.966107
-382.09927,81,17.250325
-751.360712,61,17.299325
-871.128385,84,17.586804
-714.519376,59,17.859187
-939.362001,80,17.924569
-498.989285,60,18.19516
-752.771133,57,18.450969
-1031.108173,84,18.530297
-754.282939,61,18.812397
-807.212893,65,19.113585
-646.619987,73,19.17315
-701.729632,79,19.471051
-692.571909,65,19.758814
-738.773145,56,19.806928
-1294.906899,101,20.126384
-808.970503,81,20.407427
-662.679823,65,20.6808
-769.412839,63,20.733847
-994.350151,135,21.301971
-942.422626,80,21.581662
-1100.989127,95,21.880269
-1270.714584,98,22.194764
-1205.656617,97,22.491648
-1788.505422,126,22.821739
-1243.883986,93,23.115513
-1250.258801,95,23.411479
-1992.008757,133,23.755046
-1086.413806,97,24.073023
-875.588717,74,24.354206
-1267.288019,97,24.653971
-1056.426319,88,24.949033
-696.702145,79,25.016225
-968.906894,86,25.311687
-720.894837,69,25.584611
-849.661886,72,25.864567
-908.654602,78,25.931087
-1224.671023,94,26.22867
-1381.652365,103,26.544063
-1362.478506,101,26.848238
-779.178785,59,27.133941
-1385.046575,102,27.442818
-752.255464,57,27.710701
-764.888042,83,27.782704
-1102.324701,87,28.079951
-1133.877147,88,28.37648
-684.004305,88,28.673482
-954.940411,79,28.965572
-781.874034,57,29.015666
-1144.277679,100,29.318858
-808.143478,67,29.59489
-962.218065,93,29.899159
-873.602722,73,30.197158
-804.210561,69,30.257317
-876.692231,75,30.540616
-1535.06961,112,30.857872
-918.643651,81,31.15168
-598.42916,76,31.450167
-808.922723,66,31.503984
-863.639017,74,31.782539
-1017.691739,86,32.080287
-695.764751,56,32.347075
-703.311839,58,32.394048
-716.97363,56,32.659043
-1168.719169,95,32.964821
-1042.056533,95,33.357866
-830.419455,70,33.414898
-1312.355467,98,33.720127
-615.912864,67,33.997947
-469.881186,68,34.271286
-460.083177,50,34.306287
-715.965733,77,34.645008
-496.607132,61,35.070843
-703.94945,77,35.184625
-712.486988,76,35.518217
-442.143809,50,35.875788
-545.485113,56,35.936791
-750.595219,78,36.329621
-501.360302,68,36.638255
-466.442569,72,36.707221
-1159.614673,153,37.393713
-772.97855,81,37.70547
-710.089705,72,37.761467
-664.825692,66,38.072138
-862.364638,82,38.359448
-460.660396,76,38.639744
-545.687753,59,38.681781
-674.238254,69,38.958171
-640.863964,69,39.235757
-793.650298,79,39.294755
-875.371065,84,39.582206
-769.619875,75,39.857393
-780.207009,82,40.156752
-1562.793288,201,40.805934
-501.548196,66,41.08322
-883.179122,90,41.154486
-587.082005,61,41.425526
-526.318817,74,41.708354
-680.149422,71,41.76205
-466.334473,71,42.050375
-918.494156,84,42.35452
-483.847248,65,42.625221
-1068.570909,101,42.937544
-799.134408,87,43.263307
-575.298362,68,43.313586
-813.07429,88,43.619978
-708.562504,73,43.896058
-755.262331,93,44.192924
-894.249018,82,44.473926
-567.254154,64,44.521782
-1707.802514,172,45.131555
-771.91986,85,45.422976
-1031.77274,149,45.789737
-1027.757612,88,46.083723
-766.650518,81,46.404065
-515.83585,65,46.672427
-740.185082,77,46.729393
-579.732693,60,47.01982
-1101.569339,101,47.318071
-1059.265443,98,47.619568
-1133.360912,103,47.924325
-734.138846,80,48.216207
-783.09992,76,48.499206
-665.253671,86,48.571224
-866.103633,87,48.859227
-691.919584,69,49.134738
-870.061955,89,49.451086
-1019.73253,92,49.75207
-1129.30523,101,50.057985
-549.451053,67,50.110621
-480.949704,77,50.420237
-726.896427,75,50.701084
-552.460169,60,50.974118
-616.014689,64,51.023085
-744.997402,82,51.312544
-654.857759,71,51.587386
-767.81243,79,51.874946
-620.307662,65,51.921946
-1030.85324,87,52.215151
-774.75647,80,52.517118
-754.869168,85,52.830712
-820.723232,79,53.137247
-441.538898,72,53.196955
-524.541126,72,53.489164
-750.578064,82,53.782138
-493.625715,74,54.063104
-539.538387,58,54.105829
-811.296827,82,54.414497
-1016.904232,95,54.711266
-1122.511691,107,55.028189
-604.461889,66,55.316968
-537.649863,93,55.63537
-709.750582,73,55.684593
-838.998382,81,55.98518
-1012.715326,96,56.289379
-910.714841,91,56.588754
-604.714611,64,56.865706
-571.125404,59,56.908703
-917.344245,92,57.208672
-776.512988,84,57.515048
-684.516379,80,57.806659
-775.822011,78,58.110315
-479.403419,71,58.169893
-722.954332,81,58.459543
-460.342844,84,58.761508
-609.094345,73,59.05253
-1254.876526,106,59.367258
-640.593376,68,59.420258
-830.190872,85,59.710438
-917.836045,90,60.029556
-674.884561,69,60.306627
-478.900515,53,60.345628
-564.052288,63,60.641177
-753.471523,85,60.936003
-801.312856,78,61.238937
-963.349241,97,61.550695
-455.12141,51,61.588031
-723.766162,80,61.897516
-782.875523,84,62.195914
-485.286125,77,62.257832
-700.274118,76,62.550986
-925.239701,92,62.856735
-864.189721,92,63.165332
-699.872394,80,63.466418
-884.355849,90,63.781203
-716.59539,77,64.069299
-591.663845,64,64.116299
-508.604152,56,64.385617
-1010.620993,94,64.696481
-558.84015,63,64.748523
-726.46391,79,65.105083
-464.331666,72,65.390048
-732.106773,83,65.7083
-705.567988,81,65.776459
-1011.979297,94,66.078419
-988.120244,104,66.392668
-545.490321,75,66.683726
-678.738918,83,66.977693
-663.864616,78,67.267966
-757.341845,82,67.566937
-729.548243,80,67.630969
-766.862141,78,67.927617
-528.269842,57,68.219137
-902.36719,92,68.523043
-716.728825,80,68.58714
-653.069336,71,68.86729
-857.455612,82,69.183404
-632.403359,82,69.478649
-931.783713,104,69.791951
-782.434659,82,70.086954
-843.801506,89,70.381953
-795.856068,85,70.447917
-474.620686,70,70.746769
-976.302101,93,71.095799
-905.332446,83,71.558944
-849.246708,80,71.975769
-942.818074,95,72.408744
-767.699719,81,72.50568
-995.496352,97,72.903845
-766.461505,80,73.224846
-744.10917,77,73.555464
-517.332157,67,73.886211
-495.666223,91,74.234151
-610.197817,76,74.302997
-433.487041,72,74.622019
-971.22153,94,74.97272
-765.559426,78,75.298866
-616.009133,64,75.3499
-781.68347,83,75.68594
-475.883135,55,76.008178
-803.67834,77,76.319252
-549.298933,60,76.375253
-866.792727,86,76.821217
-648.657911,78,77.21355
-691.602774,74,77.556692
-643.315425,77,77.622943
-614.055231,65,77.957107
-749.578228,81,78.357588
-773.05287,83,78.68262
-441.233271,50,78.721539
-476.659514,69,79.034539
-558.236391,70,79.329713
-2257.647802,201,80.05101
-760.953,81,80.12058
-784.845732,85,80.464142
-653.867479,74,80.785835
-1049.319258,88,81.122836
-664.862911,71,81.431757
-675.696473,70,81.485723
-616.380477,67,81.902939
-571.210397,59,81.967941
-684.199071,78,82.525291
-746.348215,84,82.926057
-754.080079,79,83.266586
-1114.953359,136,83.713564
-599.710386,60,84.0223
-802.551813,88,84.358344
-803.7786,82,84.679748
-759.706989,84,84.752913
-773.916015,83,85.057707
-556.993909,59,85.337672
-600.538647,75,85.639673
-553.862263,75,85.70067
-506.853454,67,85.994872
-749.915574,80,86.350833
-764.378397,83,86.672801
-498.393945,54,86.715044
-712.053286,72,87.028993
-520.827778,67,87.366194
-456.305368,82,87.43567
-669.853123,88,87.827901
-482.14969,54,88.153932
-498.475522,67,88.213504
-574.554179,63,88.514007
-657.212328,68,88.808125
-1093.352316,124,89.174279
-679.852977,75,89.470279
-540.121368,61,89.517044
-786.017127,86,89.865406
-802.55021,87,90.194596
-526.281082,57,90.473377
-505.887446,56,90.515376
-1022.354253,87,90.819098
-892.223693,91,91.139709
-1446.189326,185,91.825367
-779.342479,86,92.165373
-818.053272,86,92.487549
-739.822477,84,92.563381
-922.586999,91,92.90358
-610.183834,64,93.258698
-682.057165,80,93.585237
-490.061789,74,93.646272
-679.509732,75,93.965915
-752.324738,75,94.361022
-685.420757,79,94.749533
-743.816756,82,95.112192
-839.168763,88,95.191216
-777.280826,84,95.550087
-870.064769,81,95.903773
-746.211631,81,96.269621
-789.732871,86,96.618134
-570.795265,56,96.666129
-488.703545,62,97.00466
-505.583898,74,97.345819
-547.409617,55,97.393104
-744.758462,84,97.761384
-494.710707,75,98.118348
-528.565008,57,98.16908
-657.363814,75,98.524306
-532.906515,71,98.874667
-964.163969,125,99.260872
-890.318169,82,99.607121
-486.052062,70,99.949296
-615.151561,63,100.005852
-860.118441,79,100.3229
-561.227822,57,100.679743
-526.463878,67,100.738364
-755.990982,83,101.083149
-1087.783603,163,101.789563
-637.526285,64,101.847116
-769.416084,81,102.187088
-596.074679,65,102.563446
-884.220698,87,103.142448
-870.708854,82,103.729503
-774.385345,83,103.838507
-716.14794,75,104.261267
-568.32808,57,104.611784
-506.187762,77,104.68682
-593.680987,62,105.033785
-952.12702,96,105.408745
-620.429098,63,105.717005
-652.580436,77,105.786005
-661.128495,77,106.108583
-888.847182,92,106.446645
-662.398842,71,106.761495
-647.317074,85,107.098597
-748.940806,80,107.417176
-707.261368,72,107.477389
-633.524382,76,107.7957
-932.626212,90,108.123068
-787.730233,82,108.478619
-812.323034,86,108.80555
-473.679286,78,108.877958
-511.495674,53,109.210182
-878.842717,80,109.532899
-692.255681,82,109.867326
-904.162162,91,109.946303
-935.040233,93,110.285697
-712.854323,81,110.650681
-608.918539,59,111.01714
-445.660081,73,111.098521
-589.758941,59,111.497049
-475.769401,74,111.881143
-587.664377,63,111.936181
-658.179555,70,112.349391
-833.222353,89,112.787192
-521.478632,51,113.195194
-639.158786,79,113.275198
-538.799916,69,113.651213
-707.814917,78,114.054719
-720.978248,80,114.420303
-556.210304,56,114.47134
-562.84444,66,114.790795
-440.545445,77,115.128705
-621.988164,57,115.191172
-732.987364,79,115.506037
-791.480438,76,115.859715
-616.925839,67,115.918053
-739.668751,73,116.272533
-614.206389,55,116.576347
-499.914357,62,116.628338
-602.899857,73,116.945554
-607.978051,56,117.261492
-817.423454,84,117.332589
-469.702942,74,117.663748
-1025.951573,88,117.990561
-805.254478,85,118.320192
-564.818476,58,118.371193
-836.598205,84,118.711319
-600.233757,65,119.03812
-539.127657,55,119.086208
-736.623237,77,119.397208
-796.056195,84,119.736096
-579.910901,62,120.049813
-728.973989,77,120.116076
-980.424524,86,120.445759
-741.0156,81,120.785212
-772.81247,84,121.107262
-540.206328,58,121.41269
-457.077663,75,121.4781
-613.407329,62,121.788982
-713.295774,79,122.117943
-483.790738,69,122.179749
-641.944527,62,122.520377
-564.036484,60,122.910897
-623.723521,65,122.984241
-603.08039,56,123.427772
-503.948319,49,123.480449
-539.7677,53,123.848779
-581.747328,55,123.900433
-826.759552,78,124.287512
-593.986622,62,124.640964
-716.212359,82,125.004584
-715.298841,80,125.078333
-611.218804,55,125.421082
-645.067916,75,125.837121
-631.705362,60,125.897935
-623.809656,59,126.282457
-610.000727,61,126.676264
-618.268016,57,126.736336
-547.492145,54,127.152492
-588.447116,61,127.219497
-757.287319,83,127.666009
-811.590359,79,128.107854
-597.45633,73,128.552527
-899.537541,84,128.688557
-566.93373,57,129.055774
-621.024027,62,129.420829
-448.953948,80,129.486167
-741.20257,80,129.858936
-513.365421,64,130.177078
-988.101464,106,130.560375
-613.061541,64,130.88608
-738.137829,76,130.951082
-450.644895,75,131.27459
-1051.759175,110,131.646837
-513.250576,65,131.964579
-991.734163,85,132.29028
-776.559725,84,132.640895
-686.653566,75,132.706834
-748.695104,81,133.036284
-714.812323,80,133.351582
-664.066087,83,133.678846
-638.890694,64,133.734395
-573.237527,59,134.057118
-1055.704289,91,134.383159
-544.743227,56,134.428194
-508.978915,66,134.737644
-620.609054,62,135.067521
-662.686392,75,135.13248
-713.954636,80,135.459229
-638.685355,76,135.783084
-638.614367,66,136.100672
-664.198615,78,136.173207
-380.473248,88,136.511171
-552.505319,57,136.819089
-863.470919,88,137.152914
-516.326279,52,137.195881
-591.204706,92,137.532557
-723.010698,80,137.859899
-875.540551,91,138.22231
-905.358362,87,138.659186
-776.81324,83,139.045428
-761.211336,86,139.399311
-770.843031,82,139.471432
-387.691099,83,139.835648
-561.19972,71,140.291572
-434.737391,78,140.854087
-473.564029,69,140.940084
-714.611447,78,141.477607
-521.382855,57,141.937777
-654.730663,78,142.025906
-615.178043,70,142.52936
-556.812875,56,142.951366
-668.775083,68,143.0238
-560.210972,72,143.729509
-690.913458,81,144.456161
-872.397677,103,145.086159
-821.79403,88,145.652745
-746.535822,82,146.152607
-974.315864,167,146.650605
-723.870274,80,147.027886
-703.075253,79,147.378205
-704.353565,79,147.728731
-729.970468,79,148.063243
-528.000434,65,148.118244
-627.146958,63,148.432888
-524.10201,58,148.48049
-471.540917,53,148.792733
-675.257186,70,149.122279
-427.982342,72,149.184282
-628.482269,75,149.511194
-501.547281,59,149.844047
-599.332835,62,149.898055
-803.246632,79,150.243662
-564.457905,59,150.568745
-684.154587,71,150.629745
-546.281583,65,151.000746
-607.529981,62,151.38911
-500.263956,55,151.449489
-1169.038501,198,152.490053
-607.655949,62,152.998511
-477.234177,73,153.639573
-874.147822,85,153.891573
-761.113871,82,155.1961
-330.743692,93,156.237728
-538.433637,59,157.029121
-626.970576,113,157.769103
-794.892161,85,158.411043
-647.567472,70,158.525021
-483.609856,53,159.151009
-577.264443,66,159.874018
-621.538115,70,159.995046
-748.120308,83,160.60603
-825.476742,86,161.161
-942.312749,89,161.747965
-521.731678,66,162.348967
-546.128561,58,162.451998
-745.848079,82,163.107971
-472.822322,72,163.742
-1035.981823,92,164.325702
-505.7836,66,164.416731
-653.285775,78,164.961926
-657.159715,74,165.516369
-727.07489,75,165.621936
-537.968528,63,166.157931
-877.162691,81,166.714687
-493.267837,72,167.265687
-841.613203,82,167.380687
-876.276138,90,167.930186
-529.907413,66,168.426765
-529.635061,67,168.947339
-438.582881,76,169.051338
-530.826731,69,169.560122
-508.36289,59,170.09909
-719.830214,81,170.793716
-388.999747,83,170.989676
-731.786742,85,171.947232
-539.618743,61,172.593478
-905.059915,89,173.127413
-781.15638,84,173.611101
-486.394136,70,173.696095
-812.073082,86,174.175934
-704.055968,86,174.640125
-776.931462,77,175.078892
-928.907565,88,175.537689
-1026.528875,99,175.995
-999.240715,97,176.5167
-543.393782,70,176.593702
-575.652164,74,177.026237
-736.797471,85,177.480213
-574.718835,59,177.543658
-585.334018,62,177.952622
-655.857433,72,178.402375
-1037.488397,100,179.27687
-775.772254,81,179.985873
-715.315336,133,180.61791
-898.636537,90,181.094624
-566.109932,60,181.168944
-760.812231,86,181.588812
-647.35149,70,181.985396
-783.255781,78,182.359426
-530.949828,59,182.414755
-464.978071,71,182.782921
-985.650099,94,183.194743
-874.0511,90,183.67467
-758.015156,80,184.190703
-659.081125,85,184.63283
-695.089212,86,184.717838
-837.788445,89,185.180831
-573.307081,60,185.559861
-579.48854,62,185.9948
-1061.710678,98,186.421648
-950.253706,90,186.513648
-547.839847,62,186.890906
-516.319923,64,187.312819
-652.131464,105,187.768028
-541.913928,61,187.824769
-492.568435,69,188.264685
-533.541743,57,188.660429
-1046.848162,100,189.116466
-682.015824,88,189.212019
-629.378274,68,189.605095
-628.425693,62,189.975187
-567.917727,60,190.033209
-742.51883,74,190.410645
-484.750073,53,190.753042
-667.542848,73,190.82058
-534.931393,59,191.174622
-1075.213332,97,191.550864
-491.558109,76,192.001624
-774.36399,81,192.355054
-921.733455,93,192.438051
-576.190709,63,192.770327
-412.228651,75,193.142485
-469.737129,53,193.19081
-477.113835,69,193.541955
-872.186138,193,194.350385
-536.646573,68,194.709477
-715.501294,80,194.783863
-503.936721,68,195.143129
-719.726594,69,195.525885
-616.986625,62,195.587025
-616.234464,64,196.003453
-907.360174,93,196.432944
-560.518336,61,196.808818
-842.869822,91,197.223312
-586.489979,61,197.279515
-758.835929,81,197.652819
-928.819186,91,198.027259
-590.572987,61,198.083309
-470.871914,53,198.423422
-867.068042,86,198.791627
-535.707446,68,199.146337
-835.249173,86,199.226372
-579.394703,63,199.572608
-944.008596,90,200.11026
-706.130934,81,200.602474
-761.461647,74,200.750918
-863.106241,92,201.255152
-566.603331,67,201.731731
-769.182586,78,202.220627
-1064.164514,103,202.686826
-953.613405,90,203.10179
-503.995078,56,203.15679
-1004.687389,98,203.58431
-1001.385219,97,204.00469
-498.08418,56,204.367527
-529.907047,59,204.422498
-530.26187,59,204.792968
-513.582737,56,205.126412
-532.509872,61,205.18141
-466.206831,96,205.582469
-458.573811,53,205.926907
-479.578607,66,205.990104
-731.144424,71,206.357889
-723.67683,78,206.74789
-753.788489,74,207.173511
-906.991341,88,207.262639
-1123.826873,103,207.9682
-626.218831,62,208.030665
-946.703064,93,208.444939
-429.047156,50,208.794815
-566.253815,62,208.850801
-677.182765,69,209.225016
-1020.695429,94,209.614915
-950.413111,97,210.024112
-1012.608432,95,210.425493
-465.605977,71,210.494967
-966.963463,96,210.876271
-703.925385,77,211.240235
-474.633508,70,211.598461
-1020.888588,98,212.001284
-739.466792,76,212.382673
-853.018252,88,212.473815
-501.086067,55,212.825549
-618.669761,70,213.206885
-1002.491742,97,213.62102
-799.710462,73,213.699058
-564.897647,72,214.085788
-476.162455,56,214.44683
-883.708967,90,214.828504
-764.862538,74,214.903664
-960.274073,92,215.300622
-914.745599,92,215.675807
-457.036378,53,216.058014
-771.462988,74,216.122411
-824.177339,87,216.649241
-982.199807,94,217.112625
-739.017302,74,217.516642
-640.071392,67,217.976513
-657.14294,68,218.03852
-937.311152,91,218.426954
-777.657545,84,218.906605
-463.60824,72,219.300481
-749.889907,78,219.684654
-736.368444,70,219.739486
-858.798823,88,220.101806
-1074.610084,99,220.48777
-817.285022,87,220.895204
-726.398506,73,221.272664
-452.973202,83,221.656052
-732.85322,79,221.749805
-668.496518,88,222.154904
-533.721842,65,222.550457
-804.626838,89,222.992376
-601.896753,69,223.403429
-505.348034,56,223.45837
-655.468606,76,223.866195
-937.842496,91,224.281534
-538.708648,74,224.359851
-750.050409,72,224.750165
-637.892005,61,225.142611
-1125.278823,104,225.568034
-535.919411,58,225.622999
-514.774358,56,225.976811
-773.245377,75,226.376225
-462.859229,54,226.426923
-614.047743,73,226.808498
-786.688676,76,227.182034
-621.486514,62,227.240103
-627.420399,83,227.602605
-689.422396,72,227.965519
-984.450955,95,228.348901
-722.029073,68,228.703785
-713.229867,70,228.772412
-522.867572,57,229.125403
-979.885937,95,229.539734
-875.514352,92,229.951798
-759.209878,74,230.031165
-506.164292,59,230.392282
-676.139519,67,230.741235
-698.955761,68,230.802275
-719.015778,74,231.313364
-964.861424,93,231.809427
-660.979051,65,232.283811
-720.526641,174,232.905662
-950.548193,93,233.315199
-939.240413,93,233.708798
-656.458015,67,234.294667
-570.080988,60,234.670912
-753.353071,73,234.749887
-759.341172,78,235.12845
-715.245269,67,235.502494
-910.483885,92,235.876315
-788.614201,79,235.956269
-720.967487,73,236.342968
-538.474597,63,236.697023
-675.26349,72,237.127167
-600.141924,82,237.339173
-663.555014,65,237.992223
-472.357322,76,238.513219
-677.682277,67,238.588223
-766.010515,85,239.01292
-837.134462,90,239.418453
-486.681499,56,239.760772
-562.183968,60,239.813776
-477.608269,55,240.175041
-767.600645,77,240.563059
-475.743725,55,240.611979
-500.236521,56,240.970056
-548.725235,59,241.023355
-579.985243,72,241.361109
-451.207515,52,241.751362
-830.940934,78,241.826363
-567.625195,69,242.305871
-720.443567,74,242.732906
-676.121537,66,242.79857
-794.098866,80,243.217927
-411.93251,48,243.59889
-723.567511,76,243.975406
-736.33516,81,244.053406
-647.811195,66,244.398746
-549.834227,60,244.752355
-691.693855,73,244.842361
-470.503614,52,245.199643
-692.03643,65,245.567771
-528.923127,71,245.640531
-703.013814,68,246.012759
-606.006629,69,246.382248
-712.120986,70,246.453718
-695.615418,66,246.847012
-699.99782,80,247.265607
-470.294404,63,247.325368
-640.947063,78,247.757933
-741.339205,77,248.178088
-570.065699,72,248.605954
-617.729991,74,248.681094
-680.606045,68,249.087344
-562.103423,75,249.53394
-697.476878,91,250.065003
-847.377527,89,250.591004
-730.215058,74,250.689004
-529.613332,58,251.170552
-749.683858,71,251.655552
-995.309608,104,252.203555
-558.881289,59,252.269555
-717.661334,75,252.787552
-681.814372,117,253.375553
-682.677867,80,253.861638
-736.420023,74,254.300767
-560.414145,61,254.36273
-337.079242,86,254.76598
-794.541713,78,255.125181
-700.313856,68,255.474467
-735.688147,71,255.541006
-784.025774,87,255.898237
-763.207041,76,256.235231
-538.331147,66,256.589206
-788.476939,80,256.666243
-771.661633,339,258.242264
-629.729132,76,258.598875
-739.348702,74,258.668673
-507.917781,65,259.026015
-796.233438,76,259.373396
-506.8258,69,259.440592
-707.164106,71,259.80564
-492.154533,73,260.178784
-757.865351,79,260.593397
-604.733164,70,260.66889
-534.797167,68,261.181448
-746.460723,77,261.643757
-737.116412,75,262.038879
-780.019594,73,262.110875
-488.379441,55,262.447875
-605.852016,81,262.813243
-676.50737,76,262.885237
-772.391382,81,263.334122
-857.117949,226,264.550803
-802.021242,81,264.628838
-702.587629,79,265.010909
-465.4344,52,265.36928
-793.116499,82,265.450659
-585.502355,71,265.857976
-701.120269,76,266.26183
-700.093555,80,266.657833
-690.966667,71,266.72784
-645.707606,66,267.146429
-773.739244,76,267.516732
-483.967492,70,267.882755
-532.080124,59,267.938756
-580.08114,62,268.305746
-697.371484,78,268.671747
-765.819873,79,268.748748
-804.557505,82,269.132105
-538.120237,74,269.510083
-624.779883,65,269.922725
-642.823197,66,269.984614
-705.05511,70,270.365614
-564.585825,67,270.709614
-876.881843,88,270.793617
-609.149673,65,271.162171
-760.003495,78,271.56399
-633.908041,63,271.965991
-655.635621,78,272.050456
-754.44532,83,272.445013
-656.794897,123,272.875014
-854.930096,88,273.289513
-632.863179,68,273.667964
-868.323926,86,274.050317
-984.439882,109,274.45997
-898.71082,86,274.849233
-761.811355,78,274.927672
-464.400752,70,275.283651
-435.724605,51,275.617156
-724.399083,76,275.693932
-815.735278,78,276.063837
-792.919891,78,276.428828
-875.794517,92,276.803576
-528.327779,65,277.286991
-591.302402,62,277.340956
-688.586265,73,277.685989
-482.032739,77,278.121178
-755.835477,73,278.197739
-451.501787,122,278.975363
-651.060221,68,279.040721
-513.203409,73,279.419699
-809.897167,85,279.896066
-685.786649,81,280.331574
-762.591339,84,280.744266
-767.860049,76,280.822229
-568.984205,60,281.188458
-699.88325,80,281.735319
-522.583946,56,281.791324
-798.39124,83,282.242001
-837.303525,77,282.633719
-570.855957,69,282.986064
-699.002827,78,283.061934
-523.181517,56,283.396751
-517.720453,56,283.449205
-965.503943,94,283.899604
-732.979981,75,284.329917
-852.238086,84,284.748199
-743.920482,147,285.22194
-800.689586,79,285.606491
-977.168379,117,286.078477
-562.684064,61,286.430834
-707.363522,74,286.796548
-767.402048,77,287.169869
-613.661406,64,287.229834
-798.160714,78,287.606602
-774.17054,73,287.985717
-554.476081,71,288.05784
-977.147016,92,288.448414
-828.54327,84,288.833446
-473.184961,53,289.190413
-875.652673,89,289.597687
-579.138298,64,289.660691
-559.290967,63,290.02977
-337.71337,86,290.409014
-584.41285,66,290.473435
-486.959793,68,290.832805
-974.497937,85,291.23419
-742.715192,72,291.603239
-803.908276,79,291.681258
-826.477448,83,292.086504
-734.344006,84,292.491599
-705.140696,79,292.889123
-631.405323,65,293.263861
-721.390183,70,293.331584
-541.727525,72,293.725888
-733.468033,76,294.112491
-546.54091,72,294.180493
-596.40106,73,294.589533
-765.341926,72,294.955223
-548.875295,61,295.326826
-483.949068,54,295.373024
-703.963346,81,295.748976
-1039.736227,119,296.171029
-601.925581,65,296.634193
-745.364097,76,296.710282
-816.816817,82,297.096277
-806.13396,79,297.515937
-838.510558,85,297.93669
-897.005538,89,298.358278
-534.692795,69,298.42727
-893.882725,90,298.823933
-564.055852,68,299.186162
-601.014602,68,299.534194
-871.736004,79,299.897351
-690.550553,81,299.978351
-840.940634,85,300.366041
-761.159019,78,300.722376
-591.563648,63,301.087376
-967.73921,91,301.477047
-724.054289,71,301.54201
-706.407769,72,301.899936
-761.498861,78,302.29689
-784.020317,77,302.674767
-828.296878,85,302.759716
-826.037569,91,303.146289
-913.98899,92,303.51415
-698.462277,71,303.858363
-788.112572,89,304.223361
-479.355456,74,304.570961
-961.258042,91,304.663588
-830.582479,86,305.029148
-678.380591,68,305.45784
-814.370431,80,305.869828
-767.251287,81,306.263099
-545.894766,62,306.322124
-530.200564,68,306.692672
-860.268926,87,307.074917
-459.550663,94,307.437697
-711.98053,71,307.500689
-649.944861,69,307.910029
-911.402191,88,308.306873
-851.502832,83,308.778957
-926.390928,95,309.193957
-647.310918,66,309.2576
-825.082629,82,309.672108
-618.481356,64,310.042944
-880.679785,86,310.629935
-922.862862,91,311.08002
-471.006997,71,311.153985
-498.661756,62,311.57518
-717.317357,72,311.994793
-821.270639,81,312.433158
-859.876767,78,312.516088
-682.887105,72,312.932944
-834.924457,83,313.336353
-542.752521,69,313.712616
-752.446248,72,313.781131
-443.214625,62,314.144308
-720.563371,77,314.499487
-668.753316,74,314.569274
-757.810737,78,314.958536
-673.459997,73,315.32624
-533.563576,69,315.688843
-441.069188,73,315.759774
-591.532156,69,316.105222
-697.897351,239,317.070295
-775.377868,74,317.452209
-771.55304,76,317.830328
-796.46173,84,318.21405
-609.296212,134,318.65508
-690.086829,70,319.185148
-455.556418,52,319.232302
-652.057413,64,319.605166
-743.59579,76,319.983675
-807.321357,78,320.058348
-766.567012,81,320.437713
-647.903706,67,320.805329
-485.26722,67,321.171306
-717.01278,73,321.24223
-801.284833,85,321.618209
-764.000384,84,322.006205
-770.613743,84,322.41846
-676.310065,82,322.796665
-638.052716,69,322.862668
-734.070617,81,323.248552
-509.452869,71,323.753601
-756.00719,83,324.440377
-526.116765,57,324.530373
-493.020553,70,325.259409
-543.063232,65,325.901613
-735.589007,73,326.06761
-738.581552,75,326.60265
-827.431298,89,327.040641
-751.385056,84,327.466438
-775.878553,79,327.88108
-709.87266,80,327.96755
-813.307424,74,328.343716
-727.310672,83,328.738852
-726.025978,73,329.103056
-671.800531,69,329.170758
-766.937827,87,329.550758
-694.161187,79,329.915002
-783.767256,81,330.311554
-701.790038,78,330.68829
-580.143891,61,330.745117
-741.927207,79,331.151377
-686.883886,72,331.569929
-727.857632,74,332.26493
-700.542447,81,332.438581
-807.799253,78,333.196577
-578.590606,69,334.085577
-475.900636,62,334.293641
-611.06296,77,335.150476
-669.221569,79,335.77859
-741.695063,82,336.293098
-553.853681,69,336.694479
-746.706475,80,336.781429
-743.70657,71,337.156508
-683.078586,81,337.523425
-721.679888,80,337.903658
-788.879822,79,337.978364
-799.767914,82,338.331045
-608.820871,84,338.687158
-675.166098,84,339.133657
-731.652694,80,339.577831
-746.179567,75,339.66473
-354.674806,235,340.898223
-729.557488,72,341.290832
-745.882666,80,341.380309
-806.255458,87,341.842986
-729.766898,81,342.239833
-471.319123,98,342.646302
-491.015416,56,343.003664
-530.200291,58,343.057243
-757.467494,77,343.437121
-787.415887,79,343.811722
-339.32368,88,344.19636
-486.637248,75,344.262359
-705.633829,70,344.62601
-722.49909,77,345.012017
-799.144792,77,345.452066
-764.187983,81,345.536031
-760.833325,82,346.100581
-746.362488,85,346.520621
-795.062237,77,346.895003
-714.79816,69,347.244899
-768.022568,78,347.318476
-687.28811,76,347.677299
-644.766091,69,348.017681
-760.524766,82,348.376932
-744.117735,76,348.443935
-773.031728,80,348.787502
-471.033,71,349.20178
-764.439861,77,349.712372
-606.208972,68,349.782372
-558.16611,69,350.167839
-767.899124,73,350.543125
-660.518873,80,350.93197
-757.094472,77,351.007967
-496.457704,67,351.371804
-723.412463,73,351.752975
-569.969961,68,351.81897
-636.052199,83,352.262648
-766.633662,79,352.682978
-613.111314,63,353.094066
-440.726698,84,353.174066
-797.254284,83,353.61282
-718.616834,84,354.006825
-755.859509,85,354.403174
-743.415908,83,354.804777
-745.856392,76,355.197885
-699.890326,80,355.296278
-798.297503,81,355.712023
-770.294387,74,356.165383
-745.984562,78,356.545015
-537.921514,58,356.600359
-532.905149,57,356.948323
-820.064136,86,357.347427
-602.686013,66,357.412933
-556.459101,74,357.838135
-747.46276,85,358.260116
-764.412966,78,358.744649
-657.541563,66,358.814196
-565.669212,66,359.201202
-567.629038,71,359.591442
-693.540543,76,360.073775
-767.893533,77,360.258352
-656.260193,79,361.105757
-506.34381,66,361.715317
-789.123982,82,362.142935
-642.887316,77,362.220595
-754.072389,77,362.606891
-615.031893,66,362.938339
-612.5509,64,362.991305
-726.888144,83,363.366562
-566.428744,79,363.750102
-671.389841,79,364.11214
-702.318234,77,364.504498
-444.336052,67,364.568408
-742.985868,76,364.967101
-815.046842,78,365.522439
-751.274079,82,365.894322
-746.295793,74,365.961145
-806.436355,81,366.324918
-766.2061,85,366.750605
-701.680283,77,367.118509
-750.992165,74,367.460055
-708.326596,72,367.527753
-780.413801,86,367.912938
-576.583348,116,368.394573
-766.295412,80,369.140063
-495.672896,65,369.630545
-756.770809,80,370.121722
-766.447238,86,370.219278
-689.339692,81,370.632169
-533.154573,71,371.000796
-791.193589,86,371.368187
-623.096081,70,371.431412
-757.118293,77,371.776274
-534.688786,70,372.085562
-587.372774,64,372.409734
-752.625706,83,372.482347
-486.351452,64,372.785347
-621.208673,81,373.109344
-787.369481,76,373.435563
-629.520433,67,373.48857
-690.145166,75,373.825524
-655.470501,72,374.201306
-783.491041,88,374.660534
-772.077061,77,374.729533
-763.390462,82,375.092237
-725.012915,78,375.487506
-411.960627,48,375.546562
-559.872937,68,375.927918
-468.938566,64,376.298995
-752.446455,76,376.679481
-699.800647,77,376.754382
-758.398543,78,377.137059
-385.734716,55,377.483613
-517.05766,57,377.53794
-784.657678,80,377.92154
-710.196012,82,378.282681
-809.924303,80,378.643679
-600.454095,65,378.704638
-778.299217,79,379.095665
-776.445015,80,379.45526
-746.174186,84,379.813467
-719.90318,73,379.879463
-440.788602,115,380.590542
-586.844508,61,380.645391
-670.17207,73,381.068011
-743.646451,75,381.443019
-751.93551,73,381.51486
-770.697512,80,381.935788
-631.148346,109,382.362261
-749.86992,80,382.777234
-704.165046,83,383.146171
-711.243864,83,383.522955
-742.082276,81,383.910411
-440.843092,77,383.985936
-353.086563,53,384.3159
-830.591152,82,384.667554
-748.089108,82,385.061081
-724.666402,84,385.15414
-761.036569,85,385.574784
-748.752951,76,385.959359
-488.234417,71,386.340498
-728.13183,77,386.418714
-745.077455,83,386.784679
-829.528934,77,387.160818
-585.321128,65,387.508431
-629.836107,67,387.569431
-788.827101,76,387.932407
-781.2762,86,388.302308
-782.220903,80,388.665236
-751.709063,76,389.023213
-513.265526,68,389.085212
-800.095741,80,389.448211
-743.612985,78,389.854068
-815.9036,79,390.244879
-546.326071,101,390.753104
-562.235022,60,390.806107
-467.958396,69,391.179137
-531.828795,59,391.232942
-781.531242,80,391.603405
-589.362144,62,391.942183
-759.183875,81,392.299186
-634.497829,73,392.372706
-728.583758,73,392.712015
-649.111084,77,393.064035
-640.062034,64,393.419671
-750.462596,84,393.503676
-704.626695,83,393.893452
-554.916959,59,394.311127
-704.372703,81,394.713448
-676.10065,81,394.797069
-746.736444,87,395.18433
-767.811781,75,395.558656
-657.020415,73,395.902823
-630.852443,78,396.219823
-771.417658,78,396.285101
-947.787938,85,396.684384
-479.864425,63,397.074687
-763.317765,78,397.464052
-472.978248,62,397.521231
-798.18122,78,397.906904
-482.305873,67,398.282512
-529.781763,59,398.34148
-617.729375,64,398.731615
-720.623931,81,399.135386
-749.402457,77,399.502172
-644.942094,67,399.563172
-798.468648,80,399.950598
-493.020543,65,400.327687
-583.816558,59,400.381564
-658.123948,81,400.748618
-734.564074,86,401.133898
-586.246221,64,401.472029
-597.724119,76,401.542024
-667.686729,78,401.94068
-718.884838,83,402.352212
-705.233194,84,402.767722
-347.879827,102,403.211481
-696.502024,77,403.615813
-765.871835,83,403.704813
-638.446562,77,404.116527
-480.10923,75,404.656526
-482.829172,71,405.541584
-665.695473,79,405.76655
-598.779133,61,406.414353
-596.775979,89,406.919935
